Movie Name,Storyline,Processed_Storyline
1. The Substance,"A fading celebrity takes a black-market drug: a cell-replicating substance that helps her create a younger, better version of herself.",fade celebr take blackmarket drug cellrepl substanc help creat younger better version
2. The Life of Chuck,"A life-affirming, genre-bending story about three chapters in the life of an ordinary man named Charles Krantz.",lifeaffirm genrebend stori three chapter life ordinari man name charl krantz
3. Cellar Door,"Looking for a fresh start after a miscarriage, a couple find themselves being gifted the house of their dreams with one caveat - they can never open the cellar door. Whether they can live without knowing triggers shocking consequences.",look fresh start miscarriag coupl find gift hous dream one caveat never open cellar door whether live without know trigger shock consequ
4. Blink Twice,"When tech billionaire Slater King meets cocktail waitress Frida at his fundraising gala, he invites her to join him and his friends on a dream vacation on his private island. As strange things start to happen, Frida questions her reality.",tech billionair slater king meet cocktail waitress frida fundrais gala invit join friend dream vacat privat island strang thing start happen frida question realiti
5. Eden,"Based on a factual account of a group of outsiders who settle on a remote island only to discover their greatest threat isn't the brutal climate or deadly wildlife, but each other.",base factual account group outsid settl remot island discov greatest threat isnt brutal climat deadli wildlif
6. We Bury the Dead,"After a catastrophic military disaster, the dead don't just rise - they hunt. Ava searches for her missing husband, but what she finds is far more terrifying.",catastroph militari disast dead dont rise hunt ava search miss husband find far terrifi
7. Trap,A father and his teen daughter attend a pop concert only to realize they've entered the center of a dark and sinister event.,father teen daughter attend pop concert realiz theyv enter center dark sinist event
8. Dune: Part Two,"Paul Atreides unites with the Fremen while on a warpath of revenge against the conspirators who destroyed his family. Facing a choice between the love of his life and the fate of the universe, he endeavors to prevent a terrible future.",paul atreid unit fremen warpath reveng conspir destroy famili face choic love life fate univers endeavor prevent terribl futur
9. Anora,"A young stripper from Brooklyn meets and impulsively marries the son of a Russian oligarch. Once the news reaches Russia, her fairy tale is threatened as his parents set out for New York to get the marriage annulled.",young stripper brooklyn meet impuls marri son russian oligarch news reach russia fairi tale threaten parent set new york get marriag annul
10. Bone Lake,"A couple's vacation at a secluded estate is upended when they're forced to share the mansion with a mysterious couple. A dream getaway spirals into a nightmarish maze of sex, lies, and manipulation, triggering a battle for survival.",coupl vacat seclud estat upend theyr forc share mansion mysteri coupl dream getaway spiral nightmarish maze sex lie manipul trigger battl surviv
11. Heretic,Two young religious women are drawn into a game of cat-and-mouse in the house of a strange man.,two young religi women drawn game catandmous hous strang man
12. Nosferatu,"A gothic tale of obsession between a haunted young woman and the terrifying vampire infatuated with her, causing untold horror in its wake.",gothic tale obsess haunt young woman terrifi vampir infatu caus untold horror wake
13. Relay,A broker of lucrative payoffs between corrupt corporations and the individuals who threaten them breaks his own rules when a new client seeks his protection to stay alive.,broker lucr payoff corrupt corpor individu threaten break rule new client seek protect stay aliv
14. Abigail,"After a group of criminals kidnap the ballerina daughter of a powerful underworld figure, they retreat to an isolated mansion, unaware that they're locked inside with no normal little girl.",group crimin kidnap ballerina daughter power underworld figur retreat isol mansion unawar theyr lock insid normal littl girl
15. The Ministry of Ungentlemanly Warfare,The British military recruits a small group of highly skilled soldiers to strike against German forces behind enemy lines during World War II.,british militari recruit small group highli skill soldier strike german forc behind enemi line world war ii
16. Reunion,"Snowbound at their high school reunion, former classmates uncover a murder and scramble to identify the killer among them before they're all iced out for good.",snowbound high school reunion former classmat uncov murder scrambl identifi killer among theyr ice good
17. I Was a Stranger,"Five strangers are pulled together, colliding on a single night where survival is uncertain.",five stranger pull togeth collid singl night surviv uncertain
18. Big World,"Liu Chunhe, a young man with cerebral palsy, overcomes physical and mental barriers while fulfilling his grandmother's dream and discovering his life's purpose, leading to transformation and a fresh start.",liu chunh young man cerebr palsi overcom physic mental barrier fulfil grandmoth dream discov life purpos lead transform fresh start
19. Tarot,"When a group of friends recklessly violates the sacred rule of Tarot readings, they unknowingly unleash an unspeakable evil trapped within the cursed cards. One by one, they come face to face with fate and end up in a race against death.",group friend recklessli violat sacr rule tarot read unknowingli unleash unspeak evil trap within curs card one one come face face fate end race death
20. IF,A young girl who goes through a difficult experience begins to see everyone's imaginary friends who have been left behind as their real-life friends have grown up.,young girl goe difficult experi begin see everyon imaginari friend left behind reallif friend grown
21. The Brutalist,A visionary architect flees post-war Europe in 1947 for a brighter future in the United States and finds his life forever changed by a wealthy client.,visionari architect flee postwar europ brighter futur unit state find life forev chang wealthi client
22. A Complete Unknown,"In 1961, an unknown 19-year-old Bob Dylan arrives in New York City with his guitar and forges relationships with musical icons on his meteoric rise, culminating in a groundbreaking performance that reverberates around the world.",unknown yearold bob dylan arriv new york citi guitar forg relationship music icon meteor rise culmin groundbreak perform reverber around world
23. The Wild Robot,"After a shipwreck, an intelligent robot called Roz is stranded on an uninhabited island. To survive the harsh environment, Roz bonds with the island's animals and cares for an orphaned baby goose.",shipwreck intellig robot call roz strand uninhabit island surviv harsh environ roz bond island anim care orphan babi goos
24. Longlegs,"In pursuit of a serial killer, an FBI agent uncovers a series of occult clues that she must solve to end his terrifying killing spree.",pursuit serial killer fbi agent uncov seri occult clue must solv end terrifi kill spree
25. Twisters,"Kate Carter, a retired tornado-chaser and meteorologist, is persuaded to return to Oklahoma to work with a new team and new technologies.",kate carter retir tornadochas meteorologist persuad return oklahoma work new team new technolog
26. Deadpool & Wolverine,"Deadpool is offered a place in the Marvel Cinematic Universe by the Time Variance Authority, but instead recruits a variant of Wolverine to save his universe from extinction.",deadpool offer place marvel cinemat univers time varianc author instead recruit variant wolverin save univers extinct
27. The Fall Guy,"A stuntman, fresh off an almost career-ending accident, has to track down a missing movie star, solve a conspiracy and try to win back the love of his life while still doing his day job.",stuntman fresh almost careerend accid track miss movi star solv conspiraci tri win back love life still day job
28. Wicked,"Elphaba, a young woman ridiculed for her green skin, and Galinda, a popular girl, become friends at Shiz University in the Land of Oz. After an encounter with the Wonderful Wizard of Oz, their friendship reaches a crossroads.",elphaba young woman ridicul green skin galinda popular girl becom friend shiz univers land oz encount wonder wizard oz friendship reach crossroad
29. Gladiator II,"After his home is conquered by the tyrannical emperors who now lead Rome, Lucius is forced to enter the Colosseum and must look to his past to find strength to return the glory of Rome to its people.",home conquer tyrann emperor lead rome luciu forc enter colosseum must look past find strength return glori rome peopl
30. Civil War,"In a dystopian future, four journalists travel across the United States during a nation-wide conflict. While trying to survive, they aim to reach the White House to interview the president before he is overthrown.",dystopian futur four journalist travel across unit state nationwid conflict tri surviv aim reach white hous interview presid overthrown
31. Kinds of Kindness,"A man seeks to break free from his predetermined path, a cop questions his wife's demeanor after her return from a supposed drowning, and a woman searches for an extraordinary individual prophesied to become a renowned spiritual guide.",man seek break free predetermin path cop question wife demeanor return suppos drown woman search extraordinari individu prophesi becom renown spiritu guid
32. Alien: Romulus,"While scavenging the deep ends of a derelict space station, a group of young space colonists come face to face with the most terrifying life form in the universe.",scaveng deep end derelict space station group young space colonist come face face terrifi life form univers
33. Babygirl,A high-powered CEO puts her career and family on the line when she begins a torrid affair with her much-younger intern.,highpow ceo put career famili line begin torrid affair muchyoung intern
34. Small Things Like These,In 1985 devoted father Bill Furlong discovers disturbing secrets kept by the local convent and uncovers shocking truths of his own.,devot father bill furlong discov disturb secret kept local convent uncov shock truth
35. Challengers,"Tashi, a former tennis prodigy turned coach, transformed her husband into a champion. But to overcome a recent losing streak and redeem himself, he'll need to face off against his former best friend and Tashi's ex-boyfriend.",tashi former tenni prodigi turn coach transform husband champion overcom recent lose streak redeem hell need face former best friend tashi exboyfriend
36. Bad Boys: Ride or Die,"When their late police captain gets linked to drug cartels, wisecracking Miami cops Mike Lowrey and Marcus Burnett embark on a dangerous mission to clear his name.",late polic captain get link drug cartel wisecrack miami cop mike lowrey marcu burnett embark danger mission clear name
37. Furiosa: A Mad Max Saga,"After being snatched from the Green Place of Many Mothers, while the tyrants Dementus and Immortan Joe fight for power and control, the young Furiosa must survive many trials as she puts together the means to find her way home.",snatch green place mani mother tyrant dementu immortan joe fight power control young furiosa must surviv mani trial put togeth mean find way home
38. I'm Still Here,A woman married to a former politician during the military dictatorship in Brazil is forced to reinvent herself and chart a new course for her family after a violent and arbitrary act.,woman marri former politician militari dictatorship brazil forc reinvent chart new cours famili violent arbitrari act
39. It Ends with Us,"When a woman's first love suddenly reenters her life, her relationship with a charming, but abusive neurosurgeon is upended and she realizes she must learn to rely on her own strength to make an impossible choice for her future.",woman first love suddenli reenter life relationship charm abus neurosurgeon upend realiz must learn reli strength make imposs choic futur
40. Friendship,A suburban dad falls hard for his charismatic new neighbor.,suburban dad fall hard charismat new neighbor
41. Speak No Evil,"A family is invited to spend a whole weekend in a lonely home in the countryside, but as the weekend progresses, they realize that a dark side lies within the family who invited them.",famili invit spend whole weekend lone home countrysid weekend progress realiz dark side lie within famili invit
42. Conclave,"When Cardinal Lawrence is tasked with leading the selection of a new Pope, he finds himself in a web of conspiracy and intrigue that could shake the very foundations of the Catholic Church.",cardin lawrenc task lead select new pope find web conspiraci intrigu could shake foundat cathol church
43. The Watchers,"A young artist gets stranded in an extensive, immaculate forest in western Ireland, where, after finding shelter, she becomes trapped alongside three strangers, stalked by mysterious creatures each night.",young artist get strand extens immacul forest western ireland find shelter becom trap alongsid three stranger stalk mysteri creatur night
44. Kraven the Hunter,"Kraven's complex relationship with his ruthless father, Nikolai Kravinoff, starts him down a path of vengeance with brutal consequences, motivating him to become not only the greatest hunter in the world, but also one of its most feared.",kraven complex relationship ruthless father nikolai kravinoff start path vengeanc brutal consequ motiv becom greatest hunter world also one fear
45. The Beekeeper,A former operative of a powerful organization embarks on a brutal campaign for vengeance.,former oper power organ embark brutal campaign vengeanc
46. Road House,"Ex-UFC fighter Dalton takes a job as a bouncer at a Florida Keys roadhouse, only to discover that this paradise is not all it seems.",exufc fighter dalton take job bouncer florida key roadhous discov paradis seem
47. Fly Me to the Moon,"Marketing maven Kelly Jones wreaks havoc on NASA launch director Cole Davis's already difficult task. When the White House deems the mission too important to fail, the countdown truly begins.",market maven kelli jone wreak havoc nasa launch director cole daviss alreadi difficult task white hous deem mission import fail countdown truli begin
48. Wolfs,"Two rival fixers cross paths when they're both called in to help cover up a prominent New York official's misstep. Over one explosive night, they'll have to set aside their petty grievances and their egos to finish the job.",two rival fixer cross path theyr call help cover promin new york offici misstep one explos night theyll set asid petti grievanc ego finish job
49. The Order,A series of bank robberies and car heists frightens communities in the Pacific Northwest. A lone FBI agent believes that the crimes were not the work of financially motivated criminals but rather a group of dangerous domestic terrorists.,seri bank robberi car heist frighten commun pacif northwest lone fbi agent believ crime work financi motiv crimin rather group danger domest terrorist
50. We Live in Time,"After an unusual encounter, a talented chef and a recently divorcée fall in love and build the home and family they've always dreamed of, until a painful truth puts their love story to the test.",unusu encount talent chef recent divorcé fall love build home famili theyv alway dream pain truth put love stori test
51. Sonic the Hedgehog 3,"Sonic, Knuckles, and Tails reunite against a powerful new adversary, Shadow, a mysterious villain with powers unlike anything they have faced before. With their abilities outmatched, Team Sonic must seek out an unlikely alliance.",sonic knuckl tail reunit power new adversari shadow mysteri villain power unlik anyth face abil outmatch team sonic must seek unlik allianc
52. Ordinary Angels,Inspired by the incredible true story of a hairdresser who single-handedly rallies an entire community to help a widowed father save the life of his critically ill young daughter.,inspir incred true stori hairdress singlehandedli ralli entir commun help widow father save life critic ill young daughter
53. Flow,"Cat is a solitary animal, but as its home is devastated by a great flood, he finds refuge on a boat populated by various species, and will have to team up with them despite their differences.",cat solitari anim home devast great flood find refug boat popul variou speci team despit differ
54. MaXXXine,"In 1980s Hollywood, adult film star and aspiring actress Maxine Minx finally gets her big break. But as a mysterious killer stalks the starlets of Hollywood, a trail of blood threatens to reveal her sinister past.",hollywood adult film star aspir actress maxin minx final get big break mysteri killer stalk starlet hollywood trail blood threaten reveal sinist past
55. Juror #2,"While serving as a juror in a high-profile murder trial, a family man finds himself struggling with a serious moral dilemma, one he could use to sway the jury verdict and potentially convict or free the wrong killer.",serv juror highprofil murder trial famili man find struggl seriou moral dilemma one could use sway juri verdict potenti convict free wrong killer
56. Ghostbusters: Frozen Empire,"When the discovery of an ancient artifact unleashes an evil force, Ghostbusters new and old must join forces to protect their home and save the world from a second ice age.",discoveri ancient artifact unleash evil forc ghostbust new old must join forc protect home save world second ice age
57. A Quiet Place: Day One,A young woman named Sam finds herself trapped in New York City during the early stages of an invasion by alien creatures with ultra-sensitive hearing.,young woman name sam find trap new york citi earli stage invas alien creatur ultrasensit hear
58. The Idea of You,"Solène, a 40-year-old single mom, begins an unexpected romance with 24-year-old Hayes Campbell, the lead singer of August Moon, the hottest boy band on the planet.",solèn yearold singl mom begin unexpect romanc yearold hay campbel lead singer august moon hottest boy band planet
59. Carry-On,A mysterious traveler blackmails a young TSA agent into letting a dangerous package slip through security and onto a Christmas Eve flight.,mysteri travel blackmail young tsa agent let danger packag slip secur onto christma eve flight
60. Joker: Folie à Deux,"Struggling with his dual identity, failed comedian Arthur Fleck meets the love of his life, Harley Quinn, while incarcerated at Arkham State Hospital.",struggl dual ident fail comedian arthur fleck meet love life harley quinn incarcer arkham state hospit
61. Madame Web,"Forced to confront her past, Cassandra Webb, a Manhattan paramedic that may have clairvoyant abilities, forms a relationship with three young women destined for powerful futures, if they can survive their threatening present.",forc confront past cassandra webb manhattan paramed may clairvoy abil form relationship three young women destin power futur surviv threaten present
62. Venom: The Last Dance,Eddie Brock and Venom must make a devastating decision as they're pursued by a mysterious military man and alien monsters from Venom's home world.,eddi brock venom must make devast decis theyr pursu mysteri militari man alien monster venom home world
63. Caddo Lake,"When an 8-year-old girl disappears on Caddo Lake, a series of past deaths and disappearances begin to link together, altering a broken family's history.",yearold girl disappear caddo lake seri past death disappear begin link togeth alter broken famili histori
64. Inside Out 2,"A sequel that features Riley entering puberty and experiencing brand new, more complex emotions as a result. As Riley tries to adapt to her teenage years, her old emotions try to adapt to the possibility of being replaced.",sequel featur riley enter puberti experienc brand new complex emot result riley tri adapt teenag year old emot tri adapt possibl replac
65. The Apprentice,"A young man took over his father's real-estate business in 1970s and '80s New York, and got the helping hand of an infamous closeted gay lawyer who helped him turn this young man into a notorious legend. Based on true events.",young man took father realest busi new york got help hand infam closet gay lawyer help turn young man notori legend base true event
66. The Instigators,Follows two robbers who must go on the run with the help of one of their therapists after a theft doesn't go as planned.,follow two robber must go run help one therapist theft doesnt go plan
67. Tell Me What You Want,"After his father's death, Eric Zimmerman travels to Spain to oversee his company's branches. In Madrid, he falls for Judith and engage in an intense, erotic relationship full of exploration. Eric fears his secret may end their affair.",father death eric zimmerman travel spain overse compani branch madrid fall judith engag intens erot relationship full explor eric fear secret may end affair
68. The Count of Monte-Cristo,"After escaping from an island prison where he spent 14 years for being wrongly accused of state treason, Edmond Dantès returns as the count of Monte Cristo to exact revenge on the men who betrayed him.",escap island prison spent year wrongli accus state treason edmond dantè return count mont cristo exact reveng men betray
69. The Strangers: Chapter 1,"After their car breaks down in an eerie small town, a young couple is forced to spend the night in a remote cabin. Panic ensues as they are terrorized by three masked strangers who strike with no mercy and seemingly no motive.",car break eeri small town young coupl forc spend night remot cabin panic ensu terror three mask stranger strike merci seemingli motiv
70. Rebel Ridge,A former Marine grapples his way through a web of small-town corruption when an attempt to post bail for his cousin escalates into a violent standoff with the local police chief.,former marin grappl way web smalltown corrupt attempt post bail cousin escal violent standoff local polic chief
71. Smile 2,"About to embark on a world tour, global pop sensation Skye Riley begins experiencing increasingly terrifying and inexplicable events. Overwhelmed by the escalating horrors and the pressures of fame, Skye is forced to face her past.",embark world tour global pop sensat skye riley begin experienc increasingli terrifi inexplic event overwhelm escal horror pressur fame skye forc face past
72. Megalopolis,"The city of New Rome faces the duel between Cesar Catilina, a brilliant artist in favor of a Utopian future, and the greedy mayor Franklyn Cicero. Between them is Julia Cicero, with her loyalty divided between her father and her beloved.",citi new rome face duel cesar catilina brilliant artist favor utopian futur greedi mayor franklyn cicero julia cicero loyalti divid father belov
73. Damsel,"A dutiful damsel agrees to marry a handsome prince, only to find the royal family has recruited her as a sacrifice to repay an ancient debt.",duti damsel agre marri handsom princ find royal famili recruit sacrific repay ancient debt
74. Kung Fu Panda 4,"After Po is tapped to become the Spiritual Leader of the Valley of Peace, he needs to find and train a new Dragon Warrior, while a wicked sorceress plans to re-summon all the master villains whom Po has vanquished to the spirit realm.",po tap becom spiritu leader valley peac need find train new dragon warrior wick sorceress plan resummon master villain po vanquish spirit realm
75. Godzilla x Kong: The New Empire,"Two ancient titans, Godzilla and Kong, clash in an epic battle as humans unravel their intertwined origins and connection to Skull Island's mysteries.",two ancient titan godzilla kong clash epic battl human unravel intertwin origin connect skull island mysteri
76. Upgraded,"Ana, an ambitious intern at an art auction house in New York City, misrepresents herself to a handsome wealthy man as the director. As their romance develops, her deception creates challenges that threaten her career and relationship.",ana ambiti intern art auction hous new york citi misrepres handsom wealthi man director romanc develop decept creat challeng threaten career relationship
77. A Real Pain,"Mismatched cousins reunite for a tour through Poland to honor their beloved grandmother, but their old tensions resurface against the backdrop of their family history.",mismatch cousin reunit tour poland honor belov grandmoth old tension resurfac backdrop famili histori
78. Subservience,"A struggling father purchases a domestic SIM to help care for his family, unaware she will gain self-awareness.",struggl father purchas domest sim help care famili unawar gain selfawar
79. Beetlejuice Beetlejuice,"After a family tragedy, three generations of the Deetz family return home to Winter River. Still haunted by Beetlejuice, Lydia's life is turned upside down when her teenage daughter, Astrid, accidentally opens the portal to the Afterlife.",famili tragedi three gener deetz famili return home winter river still haunt beetlejuic lydia life turn upsid teenag daughter astrid accident open portal afterlif
80. On Swift Horses,"Muriel and her husband Lee are about to begin a bright new life, which is upended by the arrival of Lee's brother. Muriel embarks on a secret life, gambling on racehorses and discovering a love she never thought possible.",muriel husband lee begin bright new life upend arriv lee brother muriel embark secret life gambl racehors discov love never thought possibl
81. Strange Harvest,"Detectives are thrust into a chilling hunt for ""Mr. Shiny""-a sadistic serial killer from the past whose return marks the beginning of a new wave of grotesque, otherworldly crimes tied to a dark cosmic force.",detect thrust chill hunt mr shinya sadist serial killer past whose return mark begin new wave grotesqu otherworldli crime tie dark cosmic forc
82. Despicable Me 4,"Gru, Lucy, Margo, Edith, and Agnes welcome a new member to the family, Gru Jr., who is intent on tormenting his dad. Gru faces a new nemesis in Maxime Le Mal and his girlfriend Valentina, and the family is forced to go on the run.",gru luci margo edith agn welcom new member famili gru jr intent torment dad gru face new nemesi maxim le mal girlfriend valentina famili forc go run
83. Homestead,"Amid chaos, ex-Green Beret joins prepper compound; love grows, truths arise, and a community unites.",amid chao exgreen beret join prepper compound love grow truth aris commun unit
84. Borderlands,"An infamous bounty hunter returns to her childhood home, the chaotic planet Pandora, and forms an unlikely alliance with a team of misfits to find the missing daughter of the most powerful man in the universe.",infam bounti hunter return childhood home chaotic planet pandora form unlik allianc team misfit find miss daughter power man univers
85. Moana 2,"After receiving an unexpected call from her wayfinding ancestors, Moana must journey to the far seas of Oceania and into dangerous, long-lost waters for an adventure unlike anything she's ever faced.",receiv unexpect call wayfind ancestor moana must journey far sea oceania danger longlost water adventur unlik anyth she ever face
86. Queer,"In 1950s Mexico City, an American immigrant in his late forties leads a solitary life amidst a small American community. However, the arrival of a young student stirs the man into finally establishing a meaningful connection with someone.",mexico citi american immigr late forti lead solitari life amidst small american commun howev arriv young student stir man final establish meaning connect someon
87. Old Guy,"Follows a contract killer facing the end of his career who is thrilled when The Company pulls him back into the field training Gen Z newcomer Wihlborg, a prodigy assassin with an attitude.",follow contract killer face end career thrill compani pull back field train gen z newcom wihlborg prodigi assassin attitud
88. Argylle,A reclusive author who writes espionage novels about a secret agent and a global spy syndicate realizes that the plot of the new book she's writing starts to mirror real-world events in real time.,reclus author write espionag novel secret agent global spi syndic realiz plot new book she write start mirror realworld event real time
89. Shell,"Desperate to reclaim her career, once-beloved actress Samantha Lake is drawn into the glamorous world of wellness mogul Zoe Shannon -only to uncover a monstrous truth beneath its flawless surface.",desper reclaim career oncebelov actress samantha lake drawn glamor world well mogul zoe shannon uncov monstrou truth beneath flawless surfac
90. Transformers One,"The untold origin story of Optimus Prime and Megatron, better known as sworn enemies, but who once were friends bonded like brothers who changed the fate of Cybertron forever.",untold origin stori optimu prime megatron better known sworn enemi friend bond like brother chang fate cybertron forev
91. Monster Summer,"When a mysterious force begins to disrupt their big summer fun, a group of friends team up with a retired police detective to embark on an adventure to save their island.",mysteri forc begin disrupt big summer fun group friend team retir polic detect embark adventur save island
92. Shelby Oaks,A woman's obsessive search for her missing sister leads her into a terrifying mystery at the hands of an unknown evil.,woman obsess search miss sister lead terrifi mysteri hand unknown evil
93. Your Monster,"After her life falls apart, soft-spoken actress Laura Franco finds her voice again when she meets a terrifying, yet weirdly charming Monster living in her closet. A romantic-comedy-horror film about falling in love with your inner rage.",life fall apart softspoken actress laura franco find voic meet terrifi yet weirdli charm monster live closet romanticcomedyhorror film fall love inner rage
94. The Garfield Movie,"After Garfield's unexpected reunion with his long-lost father, ragged alley cat Vic, he and his canine friend Odie are forced from their perfectly pampered lives to join Vic on a risky heist.",garfield unexpect reunion longlost father rag alley cat vic canin friend odi forc perfectli pamper live join vic riski heist
95. Spaceman,"Half a year into his solo mission on the edge of the solar system, an astronaut concerned with the state of his life back on Earth is helped by an ancient creature he discovers in the bowels of his ship.",half year solo mission edg solar system astronaut concern state life back earth help ancient creatur discov bowel ship
96. Kingdom of the Planet of the Apes,"Many years after the reign of Caesar, a young ape goes on a journey that will lead him to question everything he's been taught about the past and make choices that will define a future for apes and humans alike.",mani year reign caesar young ape goe journey lead question everyth he taught past make choic defin futur ape human alik
97. I Saw the TV Glow,A teenager just trying to make it through life in the suburbs is introduced by a classmate to a mysterious late-night TV show.,teenag tri make life suburb introduc classmat mysteri latenight tv show
98. Scoop,"An insider account of how BBC Newsnight obtained the bombshell interview with Prince Andrew about his friendship with convicted sex offender, Jeffrey Epstein.",insid account bbc newsnight obtain bombshel interview princ andrew friendship convict sex offend jeffrey epstein
99. It's What's Inside,"A group of friends gather for a pre-wedding party that descends into an existential nightmare when an estranged friend arrives with a mysterious game that awakens long-hidden secrets, desires and grudges.",group friend gather prewed parti descend existenti nightmar estrang friend arriv mysteri game awaken longhidden secret desir grudg
100. Sheepdog,"A decorated combat veteran is court-ordered into treatment when an ex-convict shows up on his doorstep, forcing him to confront his past and begin an unexpected journey toward post-traumatic growth.",decor combat veteran courtord treatment exconvict show doorstep forc confront past begin unexpect journey toward posttraumat growth
101. Red One,"After Santa Claus is kidnapped, the North Pole's Head of Security must team up with a notorious hacker in a globe-trotting, action-packed mission to save Christmas.",santa clau kidnap north pole head secur must team notori hacker globetrot actionpack mission save christma
102. The Killer's Game,"When a hitman is diagnosed with a terminal illness, he decides to take a hit out on himself. But when the very hitmen he hired also target his ex-girlfriend, he must fend off an army of assassin colleagues.",hitman diagnos termin ill decid take hit hitmen hire also target exgirlfriend must fend armi assassin colleagu
103. The Friend,"When a solitary writer adopts and bonds with a Great Dane that belonged to a late friend, she begins to come to terms with her past and her own creative inner life.",solitari writer adopt bond great dane belong late friend begin come term past creativ inner life
104. Freaky Tales,"Four interconnected stories set in 1987 Oakland, CA. will tell about the love of music, movies, people, places and memories beyond our knowable universe.",four interconnect stori set oakland ca tell love music movi peopl place memori beyond knowabl univers
105. Land of Bad,A Delta Force team fights for survival as an Air Force drone pilot becomes its eyes in the sky.,delta forc team fight surviv air forc drone pilot becom eye sky
106. Horizon: An American Saga - Chapter 1,"Chronicles a multi-faceted, 15-year span of pre-and post-Civil War expansion and settlement of the American west.",chronicl multifacet year span preand postcivil war expans settlement american west
107. Mufasa: The Lion King,"Mufasa, a cub lost and alone, meets a sympathetic lion named Taka, the heir to a royal bloodline. The chance meeting sets in motion an expansive journey of a group of misfits searching for their destiny.",mufasa cub lost alon meet sympathet lion name taka heir royal bloodlin chanc meet set motion expans journey group misfit search destini
108. Maharaja,"A barber seeks vengeance after his home is burglarized, cryptically telling police his ""lakshmi"" has been taken, leaving them uncertain if it's a person or object. His quest to recover the elusive ""lakshmi"" unfolds.",barber seek vengeanc home burglar cryptic tell polic lakshmi taken leav uncertain person object quest recov elus lakshmi unfold
109. Oddity,A psychic medium attempts to uncover the truth behind her sister's murder at the site of the crime.,psychic medium attempt uncov truth behind sister murder site crime
110. The Return,"After 20 years Odysseus finally returns to Ithaca, where he finds his wife held prisoner by suitors vying to be king and his son facing death at their hands. To win back his family and all he has lost, Odysseus must rediscover his strength.",year odysseu final return ithaca find wife held prison suitor vy king son face death hand win back famili lost odysseu must rediscov strength
111. Amber Alert,A ride-share turns into a high-stakes game of cat and mouse after it follows a car fitting the description of an AMBER ALERT.,rideshar turn highstak game cat mous follow car fit descript amber alert
112. Love Lies Bleeding,"Reclusive gym manager Lou falls hard for Jackie, an ambitious bodybuilder headed through town to Vegas in pursuit of her dream. But their love ignites violence, pulling them deep into the web of Lou's criminal family.",reclus gym manag lou fall hard jacki ambiti bodybuild head town vega pursuit dream love ignit violenc pull deep web lou crimin famili
113. Fight or Flight,A mercenary takes on the job of tracking down a target on a plane but must protect that target when they're surrounded by people trying to kill both of them.,mercenari take job track target plane must protect target theyr surround peopl tri kill
114. Parthenope,"A woman born in the sea of Naples in 1950 searches for happiness over the long summers of her youth, falling in love with her home city and its many memorable characters.",woman born sea napl search happi long summer youth fall love home citi mani memor charact
115. Immaculate,"Cecilia, a woman of devout faith, is warmly welcomed to the picture-perfect Italian countryside where she is offered a new role at an illustrious convent. But it becomes clear to Cecilia that her new home harbors dark and horrifying secrets.",cecilia woman devout faith warmli welcom pictureperfect italian countrysid offer new role illustri convent becom clear cecilia new home harbor dark horrifi secret
116. The Assessment,"In the near future where parenthood is strictly controlled, a couple's seven-day assessment for the right to have a child unravels into a psychological nightmare.",near futur parenthood strictli control coupl sevenday assess right child unravel psycholog nightmar
117. Back to Black,"The life and music of Amy Winehouse, through the journey of adolescence to adulthood and the creation of one of the best-selling albums of our time.",life music ami winehous journey adolesc adulthood creation one bestsel album time
118. Stream,"The Keenan family's simple weekend getaway truly turns into a vacation to die for, as four deranged killers playing a sadistic game lock down their hotel and compete for the most creative murders of all the guests.",keenan famili simpl weekend getaway truli turn vacat die four derang killer play sadist game lock hotel compet creativ murder guest
119. Presence,A family becomes convinced they are not alone after moving into their new home in the suburbs.,famili becom convinc alon move new home suburb
120. Here,"A generational story about families and the special place they inhabit, sharing in love, loss, laughter, and life.",gener stori famili special place inhabit share love loss laughter life
121. Nightbitch,"A woman pauses her career to be a stay-at-home mom, but soon her domesticity takes a surreal turn.",woman paus career stayathom mom soon domest take surreal turn
122. Elevation,A single father and two women venture from the safety of their homes to face monstrous creatures to save the life of a young boy.,singl father two women ventur safeti home face monstrou creatur save life young boy
123. Exhuma,The process of excavating an ominous grave unleashes dreadful consequences buried underneath.,process excav omin grave unleash dread consequ buri underneath
124. Scared to Death,"Jasper, a young filmmaker, seizes a chance to direct when his crew attends a seance in a haunted children's shelter. Trapped inside, they're haunted by ghostly orphans and a sinister force.",jasper young filmmak seiz chanc direct crew attend seanc haunt children shelter trap insid theyr haunt ghostli orphan sinist forc
125. Sidelined: The QB and Me,A headstrong dancer and a cocky quarterback fight against their feelings for each other as their post-grad future threatens to keep them apart.,headstrong dancer cocki quarterback fight feel postgrad futur threaten keep apart
126. The Lord of the Rings: The War of the Rohirrim,"A sudden attack by Wulf, a clever and traitorous lord of Rohan seeking vengeance for the death of his father, forces Helm Hammerhand, the King of Rohan, and his people to make a daring last stand in the ancient stronghold of the Hornburg.",sudden attack wulf clever traitor lord rohan seek vengeanc death father forc helm hammerhand king rohan peopl make dare last stand ancient stronghold hornburg
127. Miller's Girl,A creative writing assignment yields complex results between a teacher and his talented student.,creativ write assign yield complex result teacher talent student
128. Greedy People,Follows the residents of a small island town who must navigate a sensational murder and the discovery of a million dollars; a series of increasingly bad decisions upend the once peaceful community.,follow resid small island town must navig sensat murder discoveri million dollar seri increasingli bad decis upend peac commun
129. A Different Man,"An aspiring actor undergoes a radical medical procedure to drastically transform his appearance, but his new dream face quickly turns into a nightmare.",aspir actor undergo radic medic procedur drastic transform appear new dream face quickli turn nightmar
130. All of You,A stirring near-futuristic romance of two best friends who harbor an unspoken love for one another even after a test matches one of them up with their supposed soulmate.,stir nearfuturist romanc two best friend harbor unspoken love one anoth even test match one suppos soulmat
131. Rust,An orphaned boy of 13 left to fend for himself and his younger brother in 1880s Wyoming is sentenced to hang for the accidental killing of a local rancher. His estranged grandfather breaks him out of jail and they go on the run to Mexico.,orphan boy left fend younger brother wyom sentenc hang accident kill local rancher estrang grandfath break jail go run mexico
132. September 5,"During the 1972 Summer Olympics in Munich, Germany, an American sports broadcasting team must adapt to live coverage of the Israeli athletes being held hostage by a terrorist group.",summer olymp munich germani american sport broadcast team must adapt live coverag isra athlet held hostag terrorist group
133. Saturday Night,"At 11:30pm on October 11th, 1975, a ferocious troupe of young comedians and writers changed television forever. Find out what happened behind the scenes in the 90 minutes leading up to the first broadcast of Saturday Night Live (1975).",pm octob th feroci troup young comedian writer chang televis forev find happen behind scene minut lead first broadcast saturday night live
134. Empire Waist,Follows a group of teens learning to love their bodies through inclusive fashion design and friendship.,follow group teen learn love bodi inclus fashion design friendship
135. Salem's Lot,"An author returns to his hometown of Jerusalem's Lot in search of inspiration for his next book, only to discover that the townspeople are being attacked by a bloodthirsty vampire.",author return hometown jerusalem lot search inspir next book discov townspeopl attack bloodthirsti vampir
136. The Luckiest Man in America,May 1984. An unemployed ice cream truck driver steps onto the game show Press Your Luck harboring a secret: the key to endless money. But his winning streak is threatened when the bewildered executives uncover his real motivations.,may unemploy ice cream truck driver step onto game show press luck harbor secret key endless money win streak threaten bewild execut uncov real motiv
137. Terrifier 3,Art the Clown is set to unleash chaos on the unsuspecting residents of Miles County as they peacefully drift off to sleep on Christmas Eve.,art clown set unleash chao unsuspect resid mile counti peac drift sleep christma eve
138. Emilia Pérez,"It follows three remarkable women in Mexico, each pursuing their own happiness. Cartel leader Emilia enlists unappreciated lawyer Rita to help fake her death so that she can finally live authentically as her true self.",follow three remark women mexico pursu happi cartel leader emilia enlist unappreci lawyer rita help fake death final live authent true self
139. Ricky Stanicky,"When three childhood best friends pull a prank that goes wrong, they invent the imaginary Ricky Stanicky to get them out of trouble. Twenty years later, they still use the nonexistent Ricky as a handy alibi for their immature behavior.",three childhood best friend pull prank goe wrong invent imaginari ricki stanicki get troubl twenti year later still use nonexist ricki handi alibi immatur behavior
140. The Six Triple Eight,"During World War II, 855 women joined the fight to fix the three-year backlog of undelivered mail. Faced with discrimination and a country devastated by war, they managed to sort more than 17 million pieces of mail ahead of time.",world war ii women join fight fix threeyear backlog undeliv mail face discrimin countri devast war manag sort million piec mail ahead time
141. Don't Move,"A seasoned killer injects a grieving woman with a paralytic agent. She must run, fight and hide before her body shuts down.",season killer inject griev woman paralyt agent must run fight hide bodi shut
142. Drive-Away Dolls,"Jamie regrets her breakup with her girlfriend, while Marian needs to relax. In search of a fresh start, they embark on an unexpected road trip to Tallahassee. Things quickly go awry when they cross paths with a group of inept criminals.",jami regret breakup girlfriend marian need relax search fresh start embark unexpect road trip tallahasse thing quickli go awri cross path group inept crimin
143. Longing,A business mogul runs into his old small town girlfriend while she is visiting the big city only to find out that they had a child together that he was unaware of. Based on an award-winning foreign language film.,busi mogul run old small town girlfriend visit big citi find child togeth unawar base awardwin foreign languag film
144. Horizon: An American Saga - Chapter 2,The continuation of one story of the settlement of the American west. It follows the further adventures of characters first featured in Horizon: An American Saga.,continu one stori settlement american west follow adventur charact first featur horizon american saga
145. Better Man,"A singular profile of pop superstar Robbie Williams, chronicling his meteoric rise, dramatic fall, and remarkable resurgence.",singular profil pop superstar robbi william chronicl meteor rise dramat fall remark resurg
146. Sleeping Dogs,"An ex-homicide detective with memory loss is forced to solve a brutal murder, only to uncover chilling secrets from his forgotten past.",exhomicid detect memori loss forc solv brutal murder uncov chill secret forgotten past
147. Emmanuelle,"In search of a lost pleasure, Emmanuelle travels alone to Hong Kong on a business mission. In the vibrant and sensual global city, she indulges in intense encounters and new experiences.",search lost pleasur emmanuel travel alon hong kong busi mission vibrant sensual global citi indulg intens encount new experi
148. Brothers,"Two criminal twin brothers, one who is trying to reform, embark on a dangerous heist road trip. Facing legal troubles, gunfights, and family drama, they must reconcile their differences before their mission leads to self-destruction.",two crimin twin brother one tri reform embark danger heist road trip face legal troubl gunfight famili drama must reconcil differ mission lead selfdestruct
149. The Penguin Lessons,A disillusioned Englishman who goes to work in a school in a divided Argentina in 1976 finds his life transformed when he rescues an orphaned penguin from the beach.,disillus englishman goe work school divid argentina find life transform rescu orphan penguin beach
150. King Ivory,"Based upon extensive research with law enforcement, gangs, inmates, migrants, and addicts, an exposé on fentanyl trafficking, and its effect on all walks of life.",base upon extens research law enforc gang inmat migrant addict exposé fentanyl traffick effect walk life
151. Attack on Titan the Movie: The Last Attack,"The fate of the world hangs in the balance as Eren unleashes the ultimate power of the Titans. With a burning determination to eliminate all who threaten Eldia, he leads an unstoppable army of Colossal Titans towards Marley.",fate world hang balanc eren unleash ultim power titan burn determin elimin threaten eldia lead unstopp armi coloss titan toward marley
152. 2073,A woman living in a ruined Earth tries to comprehend how the world was destroyed.,woman live ruin earth tri comprehend world destroy
153. Four Letters of Love,"Based on Niall Williams' best-selling novel. Nicholas and Isabel were made for each other but how will they ever know it? As ghosts, fate and the sheer power of true love pull them together, so too does life threaten to tear them apart.",base niall william bestsel novel nichola isabel made ever know ghost fate sheer power true love pull togeth life threaten tear apart
154. Paddington in Peru,"Paddington returns to Peru to visit his beloved Aunt Lucy, who now resides at the Home for Retired Bears. With the Brown family in tow, a thrilling adventure ensues when a mystery plunges them into an unexpected journey.",paddington return peru visit belov aunt luci resid home retir bear brown famili tow thrill adventur ensu mysteri plung unexpect journey
155. Hellboy: The Crooked Man,"Hellboy and a rookie B.P.R.D. agent in the 1950s are sent to the Appalachians, where they discover a remote community dominated by witches and led by the sinister local demon, the Crooked Man.",hellboy rooki bprd agent sent appalachian discov remot commun domin witch led sinist local demon crook man
156. K-Pops!,"Follows a washed-up musician who jumps at the chance to capitalize on his long-lost son's stardom for his own renaissance, but learns that fatherhood is much more than stardom.",follow washedup musician jump chanc capit longlost son stardom renaiss learn fatherhood much stardom
157. The Surfer,"A man returns to the idyllic beach of his childhood to surf with his son. When he is humiliated by a group of locals, the man is drawn into a conflict that keeps rising and pushes him to his breaking point.",man return idyl beach childhood surf son humili group local man drawn conflict keep rise push break point
158. Bird,"Bailey lives with her brother Hunter and her father Bug, who raises them alone in a squat in northern Kent. Bug doesn't have much time to devote to them. Bailey looks for attention and adventure elsewhere.",bailey live brother hunter father bug rais alon squat northern kent bug doesnt much time devot bailey look attent adventur elsewher
159. The Unholy Trinity,Buried secrets of an 1870s Montana town spark violence when a young man returns to reclaim his legacy and is caught between a sheriff determined to maintain order and a mysterious stranger hell-bent on destroying it.,buri secret montana town spark violenc young man return reclaim legaci caught sheriff determin maintain order mysteri stranger hellbent destroy
160. Mean Girls,"Cady Heron is a hit with the Plastics, an A-list girl clique at her new school. But everything changes when she makes the mistake of falling for Aaron Samuels, the ex-boyfriend of alpha Plastic Regina George.",cadi heron hit plastic alist girl cliqu new school everyth chang make mistak fall aaron samuel exboyfriend alpha plastic regina georg
161. Nickel Boys,A powerful friendship develops between two young Black men as they navigate the harrowing trials of reform school together.,power friendship develop two young black men navig harrow trial reform school togeth
162. 40 Acres,"In a post-apocalyptic world with food scarcity, a Black family of Canadian farmers descended from American Civil War migrants defend their homestead against cannibals trying to seize their resources.",postapocalypt world food scarciti black famili canadian farmer descend american civil war migrant defend homestead cannib tri seiz resourc
163. Long Distance,"It follows an asteroid miner who, after crash-landing on an alien planet, must make his way across the harsh terrain, running out of oxygen, hunted by strange creatures, to the only other survivor.",follow asteroid miner crashland alien planet must make way across harsh terrain run oxygen hunt strang creatur survivor
164. Ghost Train,A YouTuber with the lowest number of views meets the station master of a mysterious subway station to find the source of a true horror story and encounters several strange stories.,youtub lowest number view meet station master mysteri subway station find sourc true horror stori encount sever strang stori
165. Anaconda,"A re-interpretation of the iconic '90s creature feature, in which a group of circus athletes - having found themselves stranded in a rain forest - come face-to-face with the elements, a bloodthirsty poacher, and a formidable giant snake.",reinterpret icon creatur featur group circu athlet found strand rain forest come facetofac element bloodthirsti poacher formid giant snake
166. The Girl with the Needle,"Copenhagen 1919: A young worker finds herself unemployed and pregnant. She meets Dagmar, who runs an underground adoption agency. A strong connection grows but her world shatters when she stumbles on the shocking truth behind her work.",copenhagen young worker find unemploy pregnant meet dagmar run underground adopt agenc strong connect grow world shatter stumbl shock truth behind work
167. Uglies,A world in which a compulsory operation wipes out physical differences and makes everyone pretty.,world compulsori oper wipe physic differ make everyon pretti
168. Damaged,Chicago detective Dan Lawson travels to Scotland to link up with Scottish detective Glen Boyd following the resurgence of a serial killer whose crimes match an unsolved case he investigated 5 years previously.,chicago detect dan lawson travel scotland link scottish detect glen boyd follow resurg serial killer whose crime match unsolv case investig year previous
169. Love Me Dead,"Reclusive mortician Issac forms bond with waitress Cassi. After harrowing incident, they embark on a path of revenge, blurring lines between reality and fiction in this psychological thriller's tense narrative.",reclus mortician issac form bond waitress cassi harrow incid embark path reveng blur line realiti fiction psycholog thriller tens narr
170. Maria,"Maria Callas, the world's greatest opera singer, lives the last days of her life in 1970s Paris, as she confronts her identity.",maria calla world greatest opera singer live last day life pari confront ident
171. My Old Ass,"A mushroom trip brings free-spirited Elliott face-to-face with her 39-year-old self. But when Elliott's ""old ass"" delivers warnings to her younger self, Elliott realizes she has to rethink everything about her family, life and love.",mushroom trip bring freespirit elliott facetofac yearold self elliott old ass deliv warn younger self elliott realiz rethink everyth famili life love
172. The Last Showgirl,A seasoned showgirl must plan for her future when her show abruptly closes after a 30-year run.,season showgirl must plan futur show abruptli close year run
173. A Family Affair,"A surprising romance kicks off comic consequences for a young woman, her mother, and her movie-star boss as they face the complications of love, sex, and identity.",surpris romanc kick comic consequ young woman mother moviestar boss face complic love sex ident
174. Lift,A female master thief and her ex-boyfriend who works for the FBI team up to steal $100M worth of gold bullion being transported on a 777 passenger flight from London to Zurich.,femal master thief exboyfriend work fbi team steal worth gold bullion transport passeng flight london zurich
175. The Union,"Construction worker Mike is thrust into the world of espionage when his high school sweetheart, Roxanne, recruits him for a high-stakes intelligence mission.",construct worker mike thrust world espionag high school sweetheart roxann recruit highstak intellig mission
176. Mothers' Instinct,"Alice and Celine live a traditional lifestyle with successful husbands and sons of the same age. Life's perfect harmony is suddenly shattered after a tragic accident. Guilt, suspicion and paranoia combine to unravel their sisterly bond.",alic celin live tradit lifestyl success husband son age life perfect harmoni suddenli shatter tragic accid guilt suspicion paranoia combin unravel sisterli bond
177. Cuckoo,A 17-year-old is forced to move with her family to a resort where things are not what they seem.,yearold forc move famili resort thing seem
178. Nr. 24,"Young apprentice Gunnar Sønsteby from Rjukan decides to resist Nazi-Germany on the day of the invasion to later become the leader of the ""Oslo-gang"" carrying out countless daring acts of sabotage making him Norway's greatest war hero.",young apprentic gunnar sønstebi rjukan decid resist nazigermani day invas later becom leader oslogang carri countless dare act sabotag make norway greatest war hero
179. Arcadian,A father and his twin teenage sons fight to survive in a remote farmhouse at the end of the world.,father twin teenag son fight surviv remot farmhous end world
180. Monkey Man,An anonymous young man unleashes a campaign of vengeance against the corrupt leaders who murdered his mother and continue to systematically victimize the poor and powerless.,anonym young man unleash campaign vengeanc corrupt leader murder mother continu systemat victim poor powerless
181. William Tell,"The narrative unfolds in the 14th Century amidst the days of the Holy Roman Empire where Europe's nations fiercely vie for supremacy and the ambitious Austrians, desiring more land, encroach upon Switzerland, a serene and pastoral nation.",narr unfold th centuri amidst day holi roman empir europ nation fierc vie supremaci ambiti austrian desir land encroach upon switzerland seren pastor nation
182. Billy Preston: That's the Way God Planned It,Follows the story and challenging life of legendary musician and genius keyboardist Billy Preston.,follow stori challeng life legendari musician geniu keyboardist billi preston
183. Role Play,"Emma has a wonderful husband and two kids in the suburbs of New Jersey. She also has a secret life as an assassin for hire, a secret that her husband Dave discovers when the couple decide to spice up their marriage with a little role play.",emma wonder husband two kid suburb new jersey also secret life assassin hire secret husband dave discov coupl decid spice marriag littl role play
184. The Hunted,"After their boat engine fails in the Mediterranean Sea, a group of refugees are rescued by rich Europeans who offer them shelter on an idyllic island. But the miracle becomes a nightmare when the saviours turn into ruthless manhunters.",boat engin fail mediterranean sea group refuge rescu rich european offer shelter idyl island miracl becom nightmar saviour turn ruthless manhunt
185. Bob Trevino Likes It,"When lonely 20-something Lily Trevino accidentally befriends a stranger online who shares the same name as her own self-centered father, encouragement and support from this new Bob Trevino could change her life.",lone someth lili trevino accident befriend stranger onlin share name selfcent father encourag support new bob trevino could chang life
186. How to Make a Killing,"After a fatal car crash, Michel flees the scene. His passenger commits suicide. Michel and wife Cathy find EUR2M in a bag while covering up the incident, leading to a series of chaotic events.",fatal car crash michel flee scene passeng commit suicid michel wife cathi find eurm bag cover incid lead seri chaotic event
187. The Crow,"Soulmates Eric and Shelly are brutally murdered. Given a chance to save the love of his life, Eric must sacrifice himself and traverse the worlds of the living and the dead, seeking revenge.",soulmat eric shelli brutal murder given chanc save love life eric must sacrific travers world live dead seek reveng
188. The Room Next Door,"Ingrid and Martha were close friends in their youth, when they worked together at the same magazine. After years of being out of touch, they meet again in an extreme but strangely sweet situation.",ingrid martha close friend youth work togeth magazin year touch meet extrem strang sweet situat
189. Memoir of a Snail,"A bittersweet memoir of a melancholic woman called Grace Pudel - a hoarder of snails, romance novels, and guinea pigs.",bittersweet memoir melanchol woman call grace pudel hoarder snail romanc novel guinea pig
190. Look Back,"The overly confident Fujino and the shut-in Kyomoto couldn't be more different, but a love of drawing manga brings these two small-town girls together.",overli confid fujino shutin kyomoto couldnt differ love draw manga bring two smalltown girl togeth
191. The Seed of the Sacred Fig,"An investigating judge struggles with paranoia amid political unrest in Tehran caused by the death of a young woman. When his gun goes missing, he suspects his wife and daughters, imposing harsh measures that fray family ties.",investig judg struggl paranoia amid polit unrest tehran caus death young woman gun goe miss suspect wife daughter impos harsh measur fray famili tie
192. No Other Land,This film made by a Palestinian-Israeli collective shows the destruction of the occupied West Bank's Masafer Yatta by Israeli soldiers and the alliance which develops between the Palestinian activist Basel and Israeli journalist Yuval.,film made palestinianisra collect show destruct occupi west bank masaf yatta isra soldier allianc develop palestinian activist basel isra journalist yuval
193. Blitz,The stories of a group of Londoners during the German bombing campaign of the British capital during World War II.,stori group london german bomb campaign british capit world war ii
194. My Spy: The Eternal City,"JJ, a veteran CIA agent, reunites with his protégé Sophie, in order to prevent a catastrophic nuclear scheme threatening Vatican City, which disrupts a high school choir trip to Italy.",jj veteran cia agent reunit protégé sophi order prevent catastroph nuclear scheme threaten vatican citi disrupt high school choir trip itali
195. 2B Honest,"Murder, love, insurance policies. On the run from the law, Kato Roberts stumbles into a secret community that throws him into a world of chaos.",murder love insur polici run law kato robert stumbl secret commun throw world chao
196. El 47,"Inspired on the true story of Manolo Vital, a bus driver who helped create the modern Barcelona during the 1970s city's boom.",inspir true stori manolo vital bu driver help creat modern barcelona citi boom
197. Hunting Matthew Nichols,"Two decades after her brother mysteriously disappeared on Vancouver Island, a documentary filmmaker sets out to solve his missing person's case. When a disturbing piece of evidence is revealed, she comes to believe he might still be alive.",two decad brother mysteri disappear vancouv island documentari filmmak set solv miss person case disturb piec evid reveal come believ might still aliv
198. The Outrun,"After living life on the edge in London, Rona attempts to come to terms with her troubled past. Hoping to heal, she returns to the wild beauty of Scotland's Orkney Islands where she grew up.",live life edg london rona attempt come term troubl past hope heal return wild beauti scotland orkney island grew
199. Kneecap,"When fate brings Belfast teacher JJ into the orbit of self-confessed ""low life scum"" Naoise and Liam Óg, the needle drops on a hip hop act like no other. Rapping in their native Irish, they lead a movement to save their mother tongue.",fate bring belfast teacher jj orbit selfconfess low life scum naois liam óg needl drop hip hop act like rap nativ irish lead movement save mother tongu
200. Secret Mall Apartment,"In 2003, eight Rhode Islanders created a secret apartment inside a busy mall and lived there for four years, filming everything along the way. Far more than a prank, the secret apartment became a deeply meaningful place for all involved.",eight rhode island creat secret apart insid busi mall live four year film everyth along way far prank secret apart becam deepli meaning place involv
201. In a Violent Nature,"When a locket is removed from a collapsed fire tower in the woods that entombs the rotting corpse of Johnny, a vengeful spirit spurred on by a horrific 70-year old crime, his body is resurrected and becomes hellbent on retrieving it.",locket remov collaps fire tower wood entomb rot corps johnni veng spirit spur horrif year old crime bodi resurrect becom hellbent retriev
202. The Fable,"After discovering burned trees in his orchards, a wealthy landowner grows suspicious of his workers and nomads passing through his vast estate.",discov burn tree orchard wealthi landown grow suspici worker nomad pass vast estat
203. How to Make Millions Before Grandma Dies,"A man, driven by his desire for a multi-million dollar inheritance, begins to care for his terminally ill grandmother. However, winning her favor will not be an easy task and he is not the only one with an eye on the money.",man driven desir multimillion dollar inherit begin care termin ill grandmoth howev win favor easi task one eye money
204. Souleymane's Story,A Paris food delivery cyclist and asylum seeker named Souleymane has two days to prepare his story for a make-or-break interview to secure legal residency.,pari food deliveri cyclist asylum seeker name souleyman two day prepar stori makeorbreak interview secur legal resid
205. The Wonderful Story of Henry Sugar and Three More,Four tales unfold in writer-director Wes Anderson's anthology of short films adapted from Roald Dahl's beloved stories.,four tale unfold writerdirector we anderson antholog short film adapt roald dahl belov stori
206. Thelma,"When 93-year-old Thelma Post gets duped by a phone scammer pretending to be her grandson, she sets out on a treacherous quest across the city to reclaim what was taken from her.",yearold thelma post get dupe phone scammer pretend grandson set treacher quest across citi reclaim taken
207. A Nice Indian Boy,"When Naveen brings his fiancé Jay home to meet his traditional Indian family, they must contend with accepting his white-orphan-artist boyfriend and helping them plan the Indian wedding of their dreams.",naveen bring fiancé jay home meet tradit indian famili must contend accept whiteorphanartist boyfriend help plan indian wed dream
208. The Deliverance,"An Indiana family discovers strange, demonic occurrences that convince them and their community that the house is a portal to hell.",indiana famili discov strang demon occurr convinc commun hous portal hell
209. Riff Raff,A former criminal's ordinary life is turned upside down when his old family shows up for a long-awaited reunion.,former crimin ordinari life turn upsid old famili show longawait reunion
210. Night Swim,"A family moves into a new home, unaware that a dark secret from the house's past will unleash a malevolent force in the backyard pool.",famili move new home unawar dark secret hous past unleash malevol forc backyard pool
211. Beverly Hills Cop: Axel F,Axel Foley returns to Beverly Hills after his daughter's life is threatened for a family reunion that includes old pals John Taggart and Billy Rosewood to uncover a conspiracy.,axel foley return beverli hill daughter life threaten famili reunion includ old pal john taggart billi rosewood uncov conspiraci
212. Descendants: The Rise of Red,"After the Queen of Hearts incites a coup in Auradon, her rebellious daughter, Red, and Cinderella's perfectionist daughter, Chloe, must team up and travel in time to undo the traumatic event that drove a young Queen of Hearts to villainy.",queen heart incit coup auradon rebelli daughter red cinderella perfectionist daughter chloe must team travel time undo traumat event drove young queen heart villaini
213. Snack Shack,"Nebraska City, 1991, two best friends get the chance to run the swimming pool snack shack, that later comes to be the perfect scenario for transgression, fun, personal discovery and romance.",nebraska citi two best friend get chanc run swim pool snack shack later come perfect scenario transgress fun person discoveri romanc
214. The Salt Path,A couple lose their home and later discover the husband has been diagnosed with a terminal illness as they embark on a year long coastal trek.,coupl lose home later discov husband diagnos termin ill embark year long coastal trek
215. Misgivings,"A suburban woman's solo road trip reveals shocking truths about her life and husband, with authentic storytelling and immersive character development in 'Misgivings'.",suburban woman solo road trip reveal shock truth life husband authent storytel immers charact develop misgiv
216. Paul Anka: His Way,"Born in Ottawa to immigrants, Anka exhibited early musical talent. At 16, he ambitiously headed to New York . Unlike other teen idols, he wrote his own songs. His multi-genre, multi-decade success resonates across generations.",born ottawa immigr anka exhibit earli music talent ambiti head new york unlik teen idol wrote song multigenr multidecad success reson across gener
217. Arthur the King,An adventure racer adopts a stray dog named Arthur to join him in an epic endurance race.,adventur racer adopt stray dog name arthur join epic endur race
218. Sketch,"When a young girl's sketchbook falls into a strange pond, her drawings come to life-chaotic, real and on the loose. As the town descends into chaos, her family must reunite and stop the monsters they never meant to unleash.",young girl sketchbook fall strang pond draw come lifechaot real loos town descend chao famili must reunit stop monster never meant unleash
219. Dreams,"Johanne documents her intense crush on her french teacher. Her mother, grandmother end up reading these intimate writings. They're both horrified by the contents but taken by the powerful writing and story. Johanne navigates romantic ideals vs reality, exploring emotions of self-discovery, love, sexuality.",johann document intens crush french teacher mother grandmoth end read intim write theyr horrifi content taken power write stori johann navig romant ideal vs realiti explor emot selfdiscoveri love sexual
220. The Rule of Jenny Pen,"Confined to a secluded rest home and trapped within his stroke-ridden body, a former Judge must stop an elderly psychopath who employs a child's puppet to abuse the home's residents with deadly consequences.",confin seclud rest home trap within strokeridden bodi former judg must stop elderli psychopath employ child puppet abus home resid deadli consequ
221. Mahavatar Narsimha,The demon Hiranyakashyap seeks revenge on Vishnu and declares himself a god. His son Prahlad remains devoted to Vishnu. Vishnu manifests as Narsimha to defeat the demon and restore balance.,demon hiranyakashyap seek reveng vishnu declar god son prahlad remain devot vishnu vishnu manifest narsimha defeat demon restor balanc
222. The First Omen,"A young American woman is sent to Rome to begin a life of service to the church, but encounters a darkness that causes her to question her faith and uncovers a terrifying conspiracy that hopes to bring about the birth of evil incarnate.",young american woman sent rome begin life servic church encount dark caus question faith uncov terrifi conspiraci hope bring birth evil incarn
223. The Thinking Game,"Chronicles visionary scientist Demis Hassabis' relentless pursuit to crack artificial general intelligence, a journey of extraordinary perseverance.",chronicl visionari scientist demi hassabi relentless pursuit crack artifici gener intellig journey extraordinari persever
224. Young Woman and the Sea,"The story of competitive swimmer Gertrude Ederle, who, in 1926, was the first woman to ever swim across the English Channel.",stori competit swimmer gertrud ederl first woman ever swim across english channel
225. The Killer,"After being betrayed by her master, a disillusioned assassin takes one final shot with the intention of using the money to help a musician she accidentally blinded regain vision.",betray master disillus assassin take one final shot intent use money help musician accident blind regain vision
226. Time Cut,High school student accidentally travels back to 2003 and decides to stop the serial killer who murdered her sister.,high school student accident travel back decid stop serial killer murder sister
227. Solo Leveling: ReAwakening,"Over a decade after 'gates' connecting worlds appeared, awakening 'hunters' with superpowers, weakest hunter Sung Jinwoo encounters a double dungeon and accepts a mysterious quest, becoming the only one able to level up, changing his fate.",decad gate connect world appear awaken hunter superpow weakest hunter sung jinwoo encount doubl dungeon accept mysteri quest becom one abl level chang fate
228. U Are the Universe,"After Earth explodes, Ukrainian space trucker Andriy Melnyk becomes the last person in the universe until he receives a call from Catherine, a French woman on a distant space station. Despite the obstacles, Andriy decides to find her.",earth explod ukrainian space trucker andriy melnyk becom last person univers receiv call catherin french woman distant space station despit obstacl andriy decid find
229. Hide N Seek,"Vaishnavi, a determined investigator, discovers a disturbing link between multiple murders, taking her on a dangerous quest to unveil a dark conspiracy in this gripping Indian crime drama.",vaishnavi determin investig discov disturb link multipl murder take danger quest unveil dark conspiraci grip indian crime drama
230. Barron's Cove,"After his son is killed, a father abducts the child responsible, hellbent on revenge.",son kill father abduct child respons hellbent reveng
231. Rebel Moon - Part Two: The Scargiver,"Kora and surviving warriors prepare to defend Veldt, their new home, alongside its people against the Realm. The warriors face their pasts, revealing their motivations before the Realm's forces arrive to crush the growing rebellion.",kora surviv warrior prepar defend veldt new home alongsid peopl realm warrior face past reveal motiv realm forc arriv crush grow rebellion
232. The Exorcism,A troubled actor begins to exhibit a disruptive behavior while shooting a horror film. His estranged daughter wonders if he's slipping back into his past addictions or if there's something more sinister at play.,troubl actor begin exhibit disrupt behavior shoot horror film estrang daughter wonder he slip back past addict there someth sinist play
233. All We Imagine as Light,"In Mumbai, Nurse Prabha's routine is troubled when she receives an unexpected gift from her estranged husband. Her younger roommate, Anu, tries in vain to find a spot in the city to be intimate with her boyfriend.",mumbai nurs prabha routin troubl receiv unexpect gift estrang husband younger roommat anu tri vain find spot citi intim boyfriend
234. Young Hearts,Elias develops feelings for his new neighbor Alexander. He soon realizes he's falling in love for the first time.,elia develop feel new neighbor alexand soon realiz he fall love first time
235. Lisa Frankenstein,"A coming of RAGE love story about a teenager and her crush, who happens to be a corpse. After a set of horrific circumstances bring him back to life, the two embark on a journey to find love, happiness - and a few missing body parts.",come rage love stori teenag crush happen corps set horrif circumst bring back life two embark journey find love happi miss bodi part
236. Afraid,The Pike family is selected to test a new home device: a digital assistant called AIA. AIA learns the family's behaviors and begins to anticipate their needs. And she can make sure nothing - and no one - gets in her family's way.,pike famili select test new home devic digit assist call aia aia learn famili behavior begin anticip need make sure noth one get famili way
237. Culpa tuya,"Despite their parents' efforts to separate them, Noah and Nick's love seems unbreakable. However, work and college open their lives to new relationships.",despit parent effort separ noah nick love seem unbreak howev work colleg open live new relationship
238. Saali Mohabbat,"A housewife gets entangled in a tale of infidelity, deceit, and murder.",housewif get entangl tale infidel deceit murder
239. Rich Flu,Explores how far people would go to save themselves when the wealth that made the world go round then becomes its most dangerous commodity after a strange disease threatens to kill anyone with any sort of fortune.,explor far peopl would go save wealth made world go round becom danger commod strang diseas threaten kill anyon sort fortun
240. Azrael,"In a world where no one speaks, a devout female-led community hunts down a young woman who has escaped imprisonment. Recaptured, Azrael is due to be sacrificed to an ancient evil in the wilderness, but fights for her own survival.",world one speak devout femalel commun hunt young woman escap imprison recaptur azrael due sacrif ancient evil wilder fight surviv
241. The Day the Earth Blew Up: A Looney Tunes Movie,Porky Pig and Daffy Duck are Earth's only hope when facing the threat of alien invasion.,porki pig daffi duck earth hope face threat alien invas
242. Unstoppable,"Centers around the life of wrestler Anthony Robles, who was born with one leg and won a national championship in 2011 while competing at Arizona State University.",center around life wrestler anthoni robl born one leg nation championship compet arizona state univers
243. Y2K,Two high-school nobodies make the decision to crash a Y2K party. The night becomes even crazier than they could have ever dreamed when the clock strikes midnight.,two highschool nobodi make decis crash yk parti night becom even crazier could ever dream clock strike midnight
244. The Beldham,"A struggling new mother fights a generations-old presence lurking within her family home, threatening her safety, her sanity, and the life of her infant child.",struggl new mother fight generationsold presenc lurk within famili home threaten safeti saniti life infant child
245. Absolution,"An aging gangster attempts to reconnect with his children and rectify the mistakes in his past, but the criminal underworld won't loosen their grip willingly.",age gangster attempt reconnect children rectifi mistak past crimin underworld wont loosen grip willingli
246. Apartment 7A,"A struggling young dancer finds herself drawn in by dark forces when a peculiar, well-connected older couple promise her a shot at fame.",struggl young dancer find drawn dark forc peculiar wellconnect older coupl promis shot fame
247. Dirty Angels,It centers on a group of female soldiers who disguise themselves as medics to rescue a group of teenagers caught between ISIS and the forces of the Taliban.,center group femal soldier disguis medic rescu group teenag caught isi forc taliban
248. Bramayugam,"Thevan, a folk singer of the Paanan caste, has a fateful encounter when escaping slavery, leading to him discovering an ancient traditional mansion altering his destiny.",thevan folk singer paanan cast fate encount escap slaveri lead discov ancient tradit mansion alter destini
249. Bob Marley: One Love,"The story of how reggae icon Bob Marley overcame adversity, and the journey behind his revolutionary music.",stori regga icon bob marley overcam advers journey behind revolutionari music
250. Canary Black,It follows Avery Graves as she is blackmailed by terrorists into betraying her own country to save her kidnapped husband.,follow averi grave blackmail terrorist betray countri save kidnap husband
251. One Fast Move,"A young man seeks out his estranged father to pursue his dream of becoming a professional motorcycle racer. With help from his love interest and a motorcycle shop owner, he begins to break down the walls his father's absence had created.",young man seek estrang father pursu dream becom profession motorcycl racer help love interest motorcycl shop owner begin break wall father absenc creat
252. Turtles All the Way Down,A teenager with OCD tries to solve a mystery surrounding a fugitive billionaire.,teenag ocd tri solv mysteri surround fugit billionair
253. F*** Marry Kill,"As a serial killer targets women on dating apps, a true-crime junkie must figure out which of her three dates is a f-boy, marriage material, or is trying to kill her.",serial killer target women date app truecrim junki must figur three date fboy marriag materi tri kill
254. Jackpot!,"In the near future, a 'Grand Lottery' has been newly established in California - the catch: kill the winner before sundown to legally claim their multi-billion dollar jackpot.",near futur grand lotteri newli establish california catch kill winner sundown legal claim multibillion dollar jackpot
255. MadS,"A teenager stops off to see his dealer to test a new drug before heading off for a night of partying. On the way home, he picks up an injured woman and the night takes a surreal turn.",teenag stop see dealer test new drug head night parti way home pick injur woman night take surreal turn
256. Girls Will Be Girls,"At a strict boarding school nestled in the Himalayan foothills, 18-year-old Mira first discovers desire and romance. However, her curious, rebellious, coming-of-age is disrupted by her young mother, who never got to come of age herself.",strict board school nestl himalayan foothil yearold mira first discov desir romanc howev curiou rebelli comingofag disrupt young mother never got come age
257. Killer Heat,"Follows twin brothers who find themselves in a dangerous love triangle on an isolated Greek island. The investigation is given to ""The Jealousy Man,"" a wounded detective.",follow twin brother find danger love triangl isol greek island investig given jealousi man wound detect
258. Atlas,"In a bleak-sounding future, an A.I. soldier has determined that the only way to end war is to end humanity.",bleaksound futur ai soldier determin way end war end human
259. The Shrouds,"Karsh, an innovative businessman and grieving widower, builds a device to connect with the dead inside a burial shroud.",karsh innov businessman griev widow build devic connect dead insid burial shroud
260. Unfrosted,"In 1963 Michigan, business rivals Kellogg's and Post compete to create a cake that could change breakfast forever.",michigan busi rival kellogg post compet creat cake could chang breakfast forev
261. Witchboard,"A cursed Witchboard awakens dark forces, dragging a young couple into a deadly game of possession and deception",curs witchboard awaken dark forc drag young coupl deadli game possess decept
262. Sew Torn,"A seamstress gets tangled in her own thread after stealing a briefcase from a drug deal gone bad. In an escalating game of cat and mouse, her different choices lead to drastically different outcomes along the way.",seamstress get tangl thread steal briefcas drug deal gone bad escal game cat mous differ choic lead drastic differ outcom along way
263. The Damned,"A 19th-century widow has to make an impossible choice when, during an especially cruel winter, a foreign ship sinks off the coast of her Icelandic fishing village.",thcenturi widow make imposs choic especi cruel winter foreign ship sink coast iceland fish villag
264. Hard Truths,Ongoing exploration of the contemporary world with a tragicomic study of human strengths and weaknesses.,ongo explor contemporari world tragicom studi human strength weak
265. Bring Them Down,"An Irish shepherding family thrust into battle on several fronts: internal strife, hostility within the family, rivalry with another farmer. Paternalism, heritage, and the generational trauma cycle through the cultural prism of Ireland.",irish shepherd famili thrust battl sever front intern strife hostil within famili rivalri anoth farmer patern heritag gener trauma cycl cultur prism ireland
266. We Were Dangerous,"Nellie, Daisy and Lou attend an institution for delinquent girls on an isolated island in 1954. The trio rail against the system, finding strength in their friendship but this is challenged when the school's matron divides them.",nelli daisi lou attend institut delinqu girl isol island trio rail system find strength friendship challeng school matron divid
267. Uma Musume: Pretty Derby - Beginning of a New Era,"Uma Musume - they were born to run. Born with names from other worlds, sometimes with strange, sometimes with glorious histories, they inherit the souls of these names and run. Aiming only at the goal beyond our eyes.",uma musum born run born name world sometim strang sometim gloriou histori inherit soul name run aim goal beyond eye
268. Kalki 2898 AD,A pregnant woman comes under the protection of an immortal warrior while being tracked down by bounty hunters.,pregnant woman come protect immort warrior track bounti hunter
269. He's Watching You,A teenager investigating mysterious murders in his small town discovers a collection of VHS tapes that could reveal the identity of a notorious serial killer.,teenag investig mysteri murder small town discov collect vh tape could reveal ident notori serial killer
270. The Forge,"After graduating from high school without any plans for the future, Isaiah receives a push to start making better life decisions.",graduat high school without plan futur isaiah receiv push start make better life decis
271. Wallace & Gromit: Vengeance Most Fowl,Top dog Gromit springs into action to save his master when Wallace's high-tech invention goes rogue and he is framed for a series of suspicious crimes.,top dog gromit spring action save master wallac hightech invent goe rogu frame seri suspici crime
272. Queen of the Ring,"In a time when pro wrestling for women was illegal all over the United States, a small town single mother embraces the danger as she dominates a peculiar American niche entertainment industry & becomes the first millionaire female athlete.",time pro wrestl women illeg unit state small town singl mother embrac danger domin peculiar american nich entertain industri becom first millionair femal athlet
273. Cloud,"Yoshii, a young man who resells goods online, finds himself at the center of a series of mysterious events that put his life at risk.",yoshii young man resel good onlin find center seri mysteri event put life risk
274. Suncoast,"While caring for her brother along with her audacious mother, a teenager strikes up a friendship with an eccentric activist who is protesting one of the most landmark medical cases of all time.",care brother along audaci mother teenag strike friendship eccentr activist protest one landmark medic case time
275. Dear Santa,"When a young boy mails his Christmas wish list to Santa with one crucial spelling error, a devilish Jack Black arrives to wreak havoc on the holidays.",young boy mail christma wish list santa one crucial spell error devilish jack black arriv wreak havoc holiday
276. Dìdi,"In 2008, during the last month of summer before high school begins, an impressionable 13-year-old Taiwanese American boy learns what his family can't teach him: how to skate, how to flirt, and how to love your mom.",last month summer high school begin impression yearold taiwanes american boy learn famili cant teach skate flirt love mom
277. Harvest,"Over seven hallucinatory days, a village with no name, in an undefined time and place, disappears.",seven hallucinatori day villag name undefin time place disappear
278. The End,"In a luxurious bunker, a family maintains their pre-apocalyptic routines 25 years after Earth's ecological disaster made the surface uninhabitable.",luxuri bunker famili maintain preapocalypt routin year earth ecolog disast made surfac uninhabit
279. Blade of Fury,"Knife catcher Pei Xing originally exchanged his life for money as bounty hunter, but after witnessing the killing of people who stood up for justice, he gradually awakened and decided to fight back.",knife catcher pei xing origin exchang life money bounti hunter wit kill peopl stood justic gradual awaken decid fight back
280. Trigger Warning,"A special forces commando returns to her hometown after her father's sudden death, only to run afoul of a violent gang when she starts asking questions.",special forc commando return hometown father sudden death run afoul violent gang start ask question
281. Lucky Baskhar,A cash-strapped cashier working at a bank embarks on a risky investment scheme and soon gets drawn into the murky world of money laundering.,cashstrap cashier work bank embark riski invest scheme soon get drawn murki world money launder
282. 18×2 Beyond Youthful Days,"Jimmy grows close to Ami, a Japanese backpacker, during one summer, then she leaves suddenly. Years later, a postcard draws him to Japan to face his first love and reflect on who he has become.",jimmi grow close ami japanes backpack one summer leav suddenli year later postcard draw japan face first love reflect becom
283. Winter Spring Summer or Fall,"Remi and Barnes, two very different teenagers, meet by chance in the winter of their senior year, then spend four days together over the course of a year that will change their lives forever.",remi barn two differ teenag meet chanc winter senior year spend four day togeth cours year chang live forev
284. Apocalypse Z: The Beginning of the End,"Manel is sheltering from a rabies-like disease which sweeps the planet, until he is forced to leave and meet unlikely but essential traveling companions.",manel shelter rabieslik diseas sweep planet forc leav meet unlik essenti travel companion
285. Kishkindha Kaandam,"Strange events unfold in a monkey-inhabited village, prompting a newlywed pair and forest officials to embark on a mission to uncover the root cause of the peculiar disturbances.",strang event unfold monkeyinhabit villag prompt newlyw pair forest offici embark mission uncov root caus peculiar disturb
286. Spellbound,"Ellian is a tenacious princess who must go on a daring quest to save her family and kingdom after a mysterious spell transforms her parents, the King and Queen of Lumbria, into monsters.",ellian tenaci princess must go dare quest save famili kingdom mysteri spell transform parent king queen lumbria monster
287. Drawing Closer,"With only a year left to live, 17-year-old Akito finds new meaning in life by bringing joy to a terminally ill girl who has just six months remaining.",year left live yearold akito find new mean life bring joy termin ill girl six month remain
288. Drive Back,A couple returning from their engagement party must escape a sinister and seemingly endless road.,coupl return engag parti must escap sinist seemingli endless road
289. Reagan,"A drama based on the life of Ronald Reagan, from his childhood to his time in the oval office.",drama base life ronald reagan childhood time oval offic
290. Kali,"Lisa, aka Kali, who has nothing left to lose when she finds out her husband has been executed in Rio to cover up a corruption scandal. A former Special Forces recruit, she heads to Brazil with fists, blood and explosives, to Know the truth",lisa aka kali noth left lose find husband execut rio cover corrupt scandal former special forc recruit head brazil fist blood explos know truth
291. Joy,"3 trailblazers: a young nurse, a visionary scientist and an innovative surgeon face opposition from the church, state, media, and medical establishment in their pursuit of the world's first 'test tube baby,' Louise Joy Brown.",trailblaz young nurs visionari scientist innov surgeon face opposit church state media medic establish pursuit world first test tube babi louis joy brown
292. Pushpa: The Rule - Part 2,"As his smuggling empire grows, a brazen Pushpa longs for power and respect on his vengeful journey, while facing old rivals and new.",smuggl empir grow brazen pushpa long power respect veng journey face old rival new
293. Intercepted,Destruction in Ukraine war shown through lengthy tableaux. Soldiers' phone calls to families reveal parallel world. Sound and image confront one another.,destruct ukrain war shown lengthi tableaux soldier phone call famili reveal parallel world sound imag confront one anoth
294. A Sacrifice,"American social psychologist Ben Monroe investigates a local cult connected to a disturbing event, while his daughter becomes embroiled with a mysterious local boy.",american social psychologist ben monro investig local cult connect disturb event daughter becom embroil mysteri local boy
295. Orion and the Dark,"A boy with an active imagination faces his fears on an unforgettable journey through the night with his new friend: a giant, smiling creature named Dark.",boy activ imagin face fear unforgett journey night new friend giant smile creatur name dark
296. Players,"A sports writer unused to relationships falls for a fling, leading her to reconsider playing the field in favor of commitment.",sport writer unus relationship fall fling lead reconsid play field favor commit
297. Armand,"Armand, a 6-year-old boy, is accused of crossing boundaries against his best friend at elementary school.",armand yearold boy accus cross boundari best friend elementari school
298. The Platform 2,"A thrilling physical journey that allows an approach to the darkness, where it is scary to look. It appeals to the viewer's civil responsibility and forces them to face the limits of their own solidarity.",thrill physic journey allow approach dark scari look appeal viewer civil respons forc face limit solidar
299. The Fix,"In a future with toxic air, a model takes a drug causing a transformation. She tries reversing it but learns her mutations could save humanity.",futur toxic air model take drug caus transform tri revers learn mutat could save human
300. Psycho Therapy: The Shallow Tale of a Writer Who Decided to Write about a Serial Killer,"A writer in a creative crisis befriends a retired serial killer, who becomes his marriage therapist and consultant for a new book. But his wife begins to suspect she might be a target.",writer creativ crisi befriend retir serial killer becom marriag therapist consult new book wife begin suspect might target
